nodeid,sensorname,timestamp,timestampint,reading,time_s
8,Bin 17,2021-08-19 17:42:58,1629391378000,0.0,1.0
8,Bin 17,2021-08-19 17:43:01,1629391381000,0.0,4.0
8,Bin 17,2021-08-19 17:43:03,1629391383000,0.0,6.0
8,Bin 17,2021-08-19 17:43:06,1629391386000,0.0,9.0
8,Bin 17,2021-08-19 17:43:08,1629391388000,0.0,11.0
8,Bin 17,2021-08-19 17:43:11,1629391391000,0.0,14.0
8,Bin 17,2021-08-19 17:43:14,1629391394000,0.0,17.0
8,Bin 17,2021-08-19 17:43:17,1629391397000,0.0,20.0
8,Bin 17,2021-08-19 17:43:20,1629391400000,0.0,23.0
8,Bin 17,2021-08-19 17:43:22,1629391402000,0.0,25.0
8,Bin 17,2021-08-19 17:43:25,1629391405000,0.0,28.0
8,Bin 17,2021-08-19 17:43:28,1629391408000,0.0,31.000000000000004
8,Bin 17,2021-08-19 17:43:30,1629391410000,0.0,33.0
8,Bin 17,2021-08-19 17:43:33,1629391413000,0.0,36.0
8,Bin 17,2021-08-19 17:43:35,1629391415000,0.0,38.0
8,Bin 17,2021-08-19 17:43:38,1629391418000,0.0,41.0
8,Bin 17,2021-08-19 17:43:40,1629391420000,0.0,43.0
8,Bin 17,2021-08-19 17:43:43,1629391423000,0.0,46.0
8,Bin 17,2021-08-19 17:43:45,1629391425000,0.0,48.0
8,Bin 17,2021-08-19 17:43:48,1629391428000,0.0,51.0
8,Bin 17,2021-08-19 17:43:51,1629391431000,0.0,54.0
8,Bin 17,2021-08-19 17:43:54,1629391434000,0.0,57.0
8,Bin 17,2021-08-19 17:43:56,1629391436000,0.0,59.00000000000001
8,Bin 17,2021-08-19 17:43:59,1629391439000,0.0,62.00000000000001
8,Bin 17,2021-08-19 17:44:02,1629391442000,0.0,65.0
8,Bin 17,2021-08-19 17:44:05,1629391445000,0.0,68.0
8,Bin 17,2021-08-19 17:44:07,1629391447000,0.0,70.0
8,Bin 17,2021-08-19 17:44:10,1629391450000,0.0,73.0
8,Bin 17,2021-08-19 17:44:12,1629391452000,0.0,75.0
8,Bin 17,2021-08-19 17:44:15,1629391455000,0.0,78.0
8,Bin 17,2021-08-19 17:44:18,1629391458000,0.0,81.0
8,Bin 17,2021-08-19 17:44:21,1629391461000,0.0,84.0
8,Bin 17,2021-08-19 17:44:25,1629391465000,0.0,88.0
8,Bin 17,2021-08-19 17:44:28,1629391468000,0.0,91.0
8,Bin 17,2021-08-19 17:44:31,1629391471000,0.0,94.0
8,Bin 17,2021-08-19 17:44:33,1629391473000,0.0,96.0
8,Bin 17,2021-08-19 17:44:36,1629391476000,0.0,99.0
8,Bin 17,2021-08-19 17:44:38,1629391478000,0.0,101.0
8,Bin 17,2021-08-19 17:44:41,1629391481000,0.0,104.0
8,Bin 17,2021-08-19 17:44:43,1629391483000,0.0,106.0
8,Bin 17,2021-08-19 17:44:46,1629391486000,0.0,109.0
8,Bin 17,2021-08-19 17:44:49,1629391489000,0.0,112.0
8,Bin 17,2021-08-19 17:44:51,1629391491000,0.0,114.0
8,Bin 17,2021-08-19 17:44:54,1629391494000,0.0,117.00000000000001
8,Bin 17,2021-08-19 17:44:56,1629391496000,0.0,119.00000000000001
8,Bin 17,2021-08-19 17:44:59,1629391499000,0.0,122.00000000000001
8,Bin 17,2021-08-19 17:45:01,1629391501000,0.0,124.00000000000001
8,Bin 17,2021-08-19 17:45:04,1629391504000,0.0,127.00000000000001
8,Bin 17,2021-08-19 17:45:07,1629391507000,0.0,130.0
8,Bin 17,2021-08-19 17:45:09,1629391509000,0.0,132.0
8,Bin 17,2021-08-19 17:45:12,1629391512000,0.0,135.0
8,Bin 17,2021-08-19 17:45:15,1629391515000,0.0,138.0
8,Bin 17,2021-08-19 17:45:18,1629391518000,0.0,141.0
8,Bin 17,2021-08-19 17:45:21,1629391521000,0.0,144.0
8,Bin 17,2021-08-19 17:45:24,1629391524000,0.0,147.0
8,Bin 17,2021-08-19 17:45:27,1629391527000,0.0,150.0
8,Bin 17,2021-08-19 17:45:30,1629391530000,0.0,153.0
8,Bin 17,2021-08-19 17:45:33,1629391533000,0.0,156.0
8,Bin 17,2021-08-19 17:45:35,1629391535000,0.0,158.0
8,Bin 17,2021-08-19 17:45:38,1629391538000,0.0,161.0
8,Bin 17,2021-08-19 17:45:42,1629391542000,0.0,165.0
8,Bin 17,2021-08-19 17:45:44,1629391544000,0.0,167.0
8,Bin 17,2021-08-19 17:45:47,1629391547000,0.0,170.0
8,Bin 17,2021-08-19 17:45:50,1629391550000,0.0,173.0
8,Bin 17,2021-08-19 17:45:52,1629391552000,0.0,175.0
8,Bin 17,2021-08-19 17:45:55,1629391555000,0.0,178.0
8,Bin 17,2021-08-19 17:45:58,1629391558000,0.0,181.0
8,Bin 17,2021-08-19 17:46:00,1629391560000,0.0,183.0
8,Bin 17,2021-08-19 17:46:03,1629391563000,0.0,186.0
8,Bin 17,2021-08-19 17:46:06,1629391566000,0.0,189.0
8,Bin 17,2021-08-19 17:46:09,1629391569000,0.0,192.0
8,Bin 17,2021-08-19 17:46:11,1629391571000,0.0,194.0
8,Bin 17,2021-08-19 17:46:14,1629391574000,0.0,197.0
8,Bin 17,2021-08-19 17:46:17,1629391577000,0.0,200.0
8,Bin 17,2021-08-19 17:46:20,1629391580000,0.0,203.0
8,Bin 17,2021-08-19 17:46:23,1629391583000,0.0,206.0
8,Bin 17,2021-08-19 17:46:26,1629391586000,0.0,209.0
8,Bin 17,2021-08-19 17:46:29,1629391589000,0.0,212.0
8,Bin 17,2021-08-19 17:46:32,1629391592000,0.0,215.0
8,Bin 17,2021-08-19 17:46:35,1629391595000,0.0,218.0
8,Bin 17,2021-08-19 17:46:38,1629391598000,0.0,221.0
8,Bin 17,2021-08-19 17:46:41,1629391601000,0.0,224.0
8,Bin 17,2021-08-19 17:46:44,1629391604000,0.0,227.0
8,Bin 17,2021-08-19 17:46:46,1629391606000,0.0,229.00000000000003
8,Bin 17,2021-08-19 17:46:49,1629391609000,0.0,232.00000000000003
8,Bin 17,2021-08-19 17:46:52,1629391612000,0.0,235.00000000000003
8,Bin 17,2021-08-19 17:46:55,1629391615000,0.0,238.00000000000003
8,Bin 17,2021-08-19 17:46:57,1629391617000,0.0,240.00000000000003
8,Bin 17,2021-08-19 17:47:00,1629391620000,0.0,243.00000000000003
8,Bin 17,2021-08-19 17:47:03,1629391623000,0.0,246.00000000000003
8,Bin 17,2021-08-19 17:47:05,1629391625000,0.0,248.00000000000003
8,Bin 17,2021-08-19 17:47:08,1629391628000,0.0,251.00000000000003
8,Bin 17,2021-08-19 17:47:11,1629391631000,0.0,254.00000000000003
8,Bin 17,2021-08-19 17:47:14,1629391634000,0.0,257.0
8,Bin 17,2021-08-19 17:47:18,1629391638000,0.0,261.0
8,Bin 17,2021-08-19 17:47:20,1629391640000,0.0,263.0
8,Bin 17,2021-08-19 17:47:24,1629391644000,0.0,267.0
8,Bin 17,2021-08-19 17:47:26,1629391646000,0.0,269.0
8,Bin 17,2021-08-19 17:47:29,1629391649000,0.0,272.0
8,Bin 17,2021-08-19 17:47:32,1629391652000,0.0,275.0
8,Bin 17,2021-08-19 17:47:35,1629391655000,0.0,278.0
8,Bin 17,2021-08-19 17:47:38,1629391658000,0.0,281.0
8,Bin 17,2021-08-19 17:47:40,1629391660000,0.0,283.0
8,Bin 17,2021-08-19 17:47:43,1629391663000,0.0,286.0
8,Bin 17,2021-08-19 17:47:45,1629391665000,0.0,288.0
8,Bin 17,2021-08-19 17:47:48,1629391668000,0.0,291.0
8,Bin 17,2021-08-19 17:47:51,1629391671000,0.0,294.0
8,Bin 17,2021-08-19 17:47:54,1629391674000,0.0,297.0
8,Bin 17,2021-08-19 17:47:57,1629391677000,0.0,300.0
8,Bin 17,2021-08-19 17:48:00,1629391680000,0.0,303.0
8,Bin 17,2021-08-19 17:48:03,1629391683000,0.0,306.0
8,Bin 17,2021-08-19 17:48:06,1629391686000,0.0,309.0
8,Bin 17,2021-08-19 17:48:09,1629391689000,0.0,312.0
8,Bin 17,2021-08-19 17:48:12,1629391692000,0.0,315.0
8,Bin 17,2021-08-19 17:48:15,1629391695000,0.0,318.0
8,Bin 17,2021-08-19 17:48:17,1629391697000,0.0,320.0
8,Bin 17,2021-08-19 17:48:20,1629391700000,0.0,323.0
8,Bin 17,2021-08-19 17:48:23,1629391703000,0.0,326.0
8,Bin 17,2021-08-19 17:48:26,1629391706000,0.0,329.0
8,Bin 17,2021-08-19 17:48:29,1629391709000,0.0,332.0
8,Bin 17,2021-08-19 17:48:33,1629391713000,0.0,336.0
8,Bin 17,2021-08-19 17:48:35,1629391715000,0.0,338.0
8,Bin 17,2021-08-19 17:48:39,1629391719000,0.0,342.0
8,Bin 17,2021-08-19 17:48:41,1629391721000,0.0,344.0
8,Bin 17,2021-08-19 17:48:44,1629391724000,0.0,347.0
8,Bin 17,2021-08-19 17:48:47,1629391727000,0.0,350.0
8,Bin 17,2021-08-19 17:48:50,1629391730000,0.0,353.0
8,Bin 17,2021-08-19 17:48:53,1629391733000,0.0,356.0
8,Bin 17,2021-08-19 17:48:56,1629391736000,0.0,359.0
8,Bin 17,2021-08-19 17:48:59,1629391739000,0.0,362.0
8,Bin 17,2021-08-19 17:49:01,1629391741000,0.0,364.0
8,Bin 17,2021-08-19 17:49:04,1629391744000,0.0,367.0
8,Bin 17,2021-08-19 17:49:07,1629391747000,0.0,370.0
8,Bin 17,2021-08-19 17:49:09,1629391749000,0.0,372.0
8,Bin 17,2021-08-19 17:49:12,1629391752000,0.0,375.0
8,Bin 17,2021-08-19 17:49:15,1629391755000,0.0,378.0
8,Bin 17,2021-08-19 17:49:18,1629391758000,0.0,381.0
8,Bin 17,2021-08-19 17:49:21,1629391761000,0.0,384.0
8,Bin 17,2021-08-19 17:49:23,1629391763000,0.0,386.0
8,Bin 17,2021-08-19 17:49:26,1629391766000,0.0,389.0
8,Bin 17,2021-08-19 17:49:28,1629391768000,0.0,391.0
8,Bin 17,2021-08-19 17:49:31,1629391771000,0.0,394.0
8,Bin 17,2021-08-19 17:49:34,1629391774000,0.0,397.0
8,Bin 17,2021-08-19 17:49:37,1629391777000,0.0,400.0
8,Bin 17,2021-08-19 17:49:39,1629391779000,0.0,402.0
8,Bin 17,2021-08-19 17:49:42,1629391782000,0.0,405.0
8,Bin 17,2021-08-19 17:49:45,1629391785000,0.0,408.0
8,Bin 17,2021-08-19 17:49:48,1629391788000,0.0,411.0
8,Bin 17,2021-08-19 17:49:50,1629391790000,0.0,413.0
8,Bin 17,2021-08-19 17:49:53,1629391793000,0.0,416.0
8,Bin 17,2021-08-19 17:49:56,1629391796000,0.0,419.0
8,Bin 17,2021-08-19 17:49:58,1629391798000,0.0,421.0
8,Bin 17,2021-08-19 17:50:01,1629391801000,0.0,424.0
8,Bin 17,2021-08-19 17:50:04,1629391804000,0.0,427.0
8,Bin 17,2021-08-19 17:50:06,1629391806000,0.0,429.0
8,Bin 17,2021-08-19 17:50:09,1629391809000,0.0,432.0
8,Bin 17,2021-08-19 17:50:12,1629391812000,0.0,435.0
8,Bin 17,2021-08-19 17:50:14,1629391814000,0.0,437.0
8,Bin 17,2021-08-19 17:50:17,1629391817000,0.0,440.0
8,Bin 17,2021-08-19 17:50:19,1629391819000,0.0,442.0
8,Bin 17,2021-08-19 17:50:23,1629391823000,0.0,446.0
8,Bin 17,2021-08-19 17:50:25,1629391825000,0.0,448.0
8,Bin 17,2021-08-19 17:50:28,1629391828000,0.0,451.0
8,Bin 17,2021-08-19 17:50:31,1629391831000,0.0,454.0
8,Bin 17,2021-08-19 17:50:34,1629391834000,0.0,457.00000000000006
8,Bin 17,2021-08-19 17:50:38,1629391838000,0.0,461.00000000000006
8,Bin 17,2021-08-19 17:50:41,1629391841000,0.0,464.00000000000006
8,Bin 17,2021-08-19 17:50:44,1629391844000,0.0,467.00000000000006
8,Bin 17,2021-08-19 17:50:47,1629391847000,0.0,470.00000000000006
8,Bin 17,2021-08-19 17:50:49,1629391849000,0.0,472.00000000000006
8,Bin 17,2021-08-19 17:50:52,1629391852000,0.0,475.00000000000006
8,Bin 17,2021-08-19 17:50:56,1629391856000,0.0,479.00000000000006
8,Bin 17,2021-08-19 17:50:59,1629391859000,0.0,482.00000000000006
8,Bin 17,2021-08-19 17:51:02,1629391862000,0.0,485.00000000000006
8,Bin 17,2021-08-19 17:51:05,1629391865000,0.0,488.00000000000006
8,Bin 17,2021-08-19 17:51:08,1629391868000,0.0,491.00000000000006
8,Bin 17,2021-08-19 17:51:11,1629391871000,0.0,494.00000000000006
8,Bin 17,2021-08-19 17:51:14,1629391874000,0.0,497.00000000000006
8,Bin 17,2021-08-19 17:51:17,1629391877000,0.0,500.00000000000006
8,Bin 17,2021-08-19 17:51:20,1629391880000,0.0,503.00000000000006
8,Bin 17,2021-08-19 17:51:23,1629391883000,0.0,506.00000000000006
8,Bin 17,2021-08-19 17:51:26,1629391886000,0.0,509.00000000000006
8,Bin 17,2021-08-19 17:51:29,1629391889000,0.0,512.0
8,Bin 17,2021-08-19 17:51:31,1629391891000,0.0,514.0
8,Bin 17,2021-08-19 17:51:34,1629391894000,0.0,517.0
8,Bin 17,2021-08-19 17:51:37,1629391897000,0.0,520.0
8,Bin 17,2021-08-19 17:51:40,1629391900000,0.0,523.0
8,Bin 17,2021-08-19 17:51:43,1629391903000,0.0,526.0
8,Bin 17,2021-08-19 17:51:46,1629391906000,0.0,529.0
8,Bin 17,2021-08-19 17:51:48,1629391908000,0.0,531.0
8,Bin 17,2021-08-19 17:51:51,1629391911000,0.0,534.0
8,Bin 17,2021-08-19 17:51:54,1629391914000,0.0,537.0
8,Bin 17,2021-08-19 17:51:57,1629391917000,0.0,540.0
8,Bin 17,2021-08-19 17:52:00,1629391920000,0.0,543.0
8,Bin 17,2021-08-19 17:52:03,1629391923000,0.0,546.0
8,Bin 17,2021-08-19 17:52:06,1629391926000,0.0,549.0
8,Bin 17,2021-08-19 17:52:09,1629391929000,0.0,552.0
8,Bin 17,2021-08-19 17:52:11,1629391931000,0.0,554.0
8,Bin 17,2021-08-19 17:52:14,1629391934000,0.0,557.0
8,Bin 17,2021-08-19 17:52:17,1629391937000,0.0,560.0
8,Bin 17,2021-08-19 17:52:19,1629391939000,0.0,562.0
8,Bin 17,2021-08-19 17:52:22,1629391942000,0.0,565.0
8,Bin 17,2021-08-19 17:52:25,1629391945000,0.0,568.0
8,Bin 17,2021-08-19 17:52:27,1629391947000,0.0,570.0
8,Bin 17,2021-08-19 17:52:30,1629391950000,0.0,573.0
8,Bin 17,2021-08-19 17:52:33,1629391953000,0.0,576.0
8,Bin 17,2021-08-19 17:52:36,1629391956000,0.0,579.0
8,Bin 17,2021-08-19 17:52:39,1629391959000,0.0,582.0
8,Bin 17,2021-08-19 17:52:42,1629391962000,0.0,585.0
8,Bin 17,2021-08-19 17:52:45,1629391965000,0.0,588.0
8,Bin 17,2021-08-19 17:52:48,1629391968000,0.0,591.0
8,Bin 17,2021-08-19 17:52:50,1629391970000,0.0,593.0
8,Bin 17,2021-08-19 17:52:53,1629391973000,0.0,596.0
8,Bin 17,2021-08-19 17:52:56,1629391976000,0.0,599.0
8,Bin 17,2021-08-19 17:52:59,1629391979000,0.0,602.0
8,Bin 17,2021-08-19 17:53:01,1629391981000,0.0,604.0
8,Bin 17,2021-08-19 17:53:04,1629391984000,0.0,607.0
8,Bin 17,2021-08-19 17:53:06,1629391986000,0.0,609.0
8,Bin 17,2021-08-19 17:53:09,1629391989000,0.0,612.0
8,Bin 17,2021-08-19 17:53:11,1629391991000,0.0,614.0
8,Bin 17,2021-08-19 17:53:14,1629391994000,0.0,617.0
8,Bin 17,2021-08-19 17:53:17,1629391997000,0.0,620.0
8,Bin 17,2021-08-19 17:53:20,1629392000000,0.0,623.0
8,Bin 17,2021-08-19 17:53:23,1629392003000,0.0,626.0
8,Bin 17,2021-08-19 17:53:26,1629392006000,0.0,629.0
8,Bin 17,2021-08-19 17:53:29,1629392009000,0.0,632.0
8,Bin 17,2021-08-19 17:53:32,1629392012000,0.0,635.0
8,Bin 17,2021-08-19 17:53:35,1629392015000,0.0,638.0
8,Bin 17,2021-08-19 17:53:37,1629392017000,0.0,640.0
8,Bin 17,2021-08-19 17:53:40,1629392020000,0.0,643.0
8,Bin 17,2021-08-19 17:53:43,1629392023000,0.0,646.0
8,Bin 17,2021-08-19 17:53:45,1629392025000,0.0,648.0
8,Bin 17,2021-08-19 17:53:48,1629392028000,0.0,651.0
8,Bin 17,2021-08-19 17:53:51,1629392031000,0.0,654.0
8,Bin 17,2021-08-19 17:53:53,1629392033000,0.0,656.0
8,Bin 17,2021-08-19 17:53:56,1629392036000,0.0,659.0
8,Bin 17,2021-08-19 17:53:59,1629392039000,0.0,662.0
8,Bin 17,2021-08-19 17:54:02,1629392042000,0.0,665.0
8,Bin 17,2021-08-19 17:54:04,1629392044000,0.0,667.0
8,Bin 17,2021-08-19 17:54:07,1629392047000,0.0,670.0
8,Bin 17,2021-08-19 17:54:10,1629392050000,0.0,673.0
8,Bin 17,2021-08-19 17:54:14,1629392054000,0.0,677.0
8,Bin 17,2021-08-19 17:54:17,1629392057000,0.0,680.0
8,Bin 17,2021-08-19 17:54:20,1629392060000,0.0,683.0
8,Bin 17,2021-08-19 17:54:23,1629392063000,0.0,686.0
8,Bin 17,2021-08-19 17:54:26,1629392066000,0.0,689.0
8,Bin 17,2021-08-19 17:54:28,1629392068000,0.0,691.0
8,Bin 17,2021-08-19 17:54:31,1629392071000,0.0,694.0
8,Bin 17,2021-08-19 17:54:34,1629392074000,0.0,697.0
8,Bin 17,2021-08-19 17:54:37,1629392077000,0.0,700.0
8,Bin 17,2021-08-19 17:54:40,1629392080000,0.0,703.0
8,Bin 17,2021-08-19 17:54:42,1629392082000,0.0,705.0
8,Bin 17,2021-08-19 17:54:45,1629392085000,0.0,708.0
8,Bin 17,2021-08-19 17:54:47,1629392087000,0.0,710.0
8,Bin 17,2021-08-19 17:54:50,1629392090000,0.0,713.0
8,Bin 17,2021-08-19 17:54:53,1629392093000,0.0,716.0
8,Bin 17,2021-08-19 17:54:56,1629392096000,0.0,719.0
8,Bin 17,2021-08-19 17:54:59,1629392099000,0.0,722.0
8,Bin 17,2021-08-19 17:55:01,1629392101000,0.0,724.0
8,Bin 17,2021-08-19 17:55:04,1629392104000,0.0,727.0
8,Bin 17,2021-08-19 17:55:07,1629392107000,0.0,730.0
8,Bin 17,2021-08-19 17:55:09,1629392109000,0.0,732.0
8,Bin 17,2021-08-19 17:55:12,1629392112000,0.0,735.0
8,Bin 17,2021-08-19 17:55:15,1629392115000,0.0,738.0
8,Bin 17,2021-08-19 17:55:18,1629392118000,0.0,741.0
8,Bin 17,2021-08-19 17:55:21,1629392121000,0.0,744.0
8,Bin 17,2021-08-19 17:55:23,1629392123000,0.0,746.0
8,Bin 17,2021-08-19 17:55:26,1629392126000,0.0,749.0
8,Bin 17,2021-08-19 17:55:29,1629392129000,0.0,752.0
8,Bin 17,2021-08-19 17:55:32,1629392132000,0.0,755.0
8,Bin 17,2021-08-19 17:55:35,1629392135000,0.0,758.0
8,Bin 17,2021-08-19 17:55:37,1629392137000,0.0,760.0
8,Bin 17,2021-08-19 17:55:40,1629392140000,0.0,763.0
8,Bin 17,2021-08-19 17:55:42,1629392142000,0.0,765.0
8,Bin 17,2021-08-19 17:55:45,1629392145000,0.0,768.0
8,Bin 17,2021-08-19 17:55:48,1629392148000,0.0,771.0
8,Bin 17,2021-08-19 17:55:51,1629392151000,0.0,774.0
8,Bin 17,2021-08-19 17:55:54,1629392154000,0.0,777.0
8,Bin 17,2021-08-19 17:55:58,1629392158000,0.0,781.0
8,Bin 17,2021-08-19 17:56:01,1629392161000,0.0,784.0
8,Bin 17,2021-08-19 17:56:03,1629392163000,0.0,786.0
8,Bin 17,2021-08-19 17:56:06,1629392166000,0.0,789.0
8,Bin 17,2021-08-19 17:56:09,1629392169000,0.0,792.0
8,Bin 17,2021-08-19 17:56:12,1629392172000,0.0,795.0
8,Bin 17,2021-08-19 17:56:15,1629392175000,0.0,798.0
8,Bin 17,2021-08-19 17:56:18,1629392178000,0.0,801.0
8,Bin 17,2021-08-19 17:56:21,1629392181000,0.0,804.0
8,Bin 17,2021-08-19 17:56:24,1629392184000,0.0,807.0
8,Bin 17,2021-08-19 17:56:27,1629392187000,0.0,810.0
8,Bin 17,2021-08-19 17:56:29,1629392189000,0.0,812.0
8,Bin 17,2021-08-19 17:56:32,1629392192000,0.0,815.0
8,Bin 17,2021-08-19 17:56:35,1629392195000,0.0,818.0
8,Bin 17,2021-08-19 17:56:38,1629392198000,0.0,821.0
8,Bin 17,2021-08-19 17:56:41,1629392201000,0.0,824.0
8,Bin 17,2021-08-19 17:56:44,1629392204000,0.0,827.0
8,Bin 17,2021-08-19 17:56:47,1629392207000,0.0,830.0
8,Bin 17,2021-08-19 17:56:49,1629392209000,0.0,832.0
8,Bin 17,2021-08-19 17:56:52,1629392212000,0.0,835.0
8,Bin 17,2021-08-19 17:56:55,1629392215000,0.0,838.0
8,Bin 17,2021-08-19 17:56:57,1629392217000,0.0,840.0
8,Bin 17,2021-08-19 17:57:00,1629392220000,0.0,843.0
8,Bin 17,2021-08-19 17:57:03,1629392223000,0.0,846.0
8,Bin 17,2021-08-19 17:57:05,1629392225000,0.0,848.0
8,Bin 17,2021-08-19 17:57:08,1629392228000,0.0,851.0
8,Bin 17,2021-08-19 17:57:11,1629392231000,0.0,854.0
8,Bin 17,2021-08-19 17:57:14,1629392234000,0.0,857.0
8,Bin 17,2021-08-19 17:57:17,1629392237000,0.0,860.0
8,Bin 17,2021-08-19 17:57:20,1629392240000,0.0,863.0
8,Bin 17,2021-08-19 17:57:24,1629392244000,0.0,867.0
8,Bin 17,2021-08-19 17:57:27,1629392247000,0.0,870.0
8,Bin 17,2021-08-19 17:57:30,1629392250000,0.0,873.0
8,Bin 17,2021-08-19 17:57:32,1629392252000,0.0,875.0
8,Bin 17,2021-08-19 17:57:35,1629392255000,0.0,878.0
8,Bin 17,2021-08-19 17:57:38,1629392258000,0.0,881.0
8,Bin 17,2021-08-19 17:57:42,1629392262000,0.0,885.0
8,Bin 17,2021-08-19 17:57:45,1629392265000,0.0,888.0
8,Bin 17,2021-08-19 17:57:47,1629392267000,0.0,890.0
8,Bin 17,2021-08-19 17:57:51,1629392271000,0.0,894.0
8,Bin 17,2021-08-19 17:57:54,1629392274000,0.0,897.0
8,Bin 17,2021-08-19 17:57:57,1629392277000,0.0,900.0
8,Bin 17,2021-08-19 17:58:00,1629392280000,0.0,903.0
8,Bin 17,2021-08-19 17:58:02,1629392282000,0.0,905.0
8,Bin 17,2021-08-19 17:58:05,1629392285000,0.0,908.0
8,Bin 17,2021-08-19 17:58:08,1629392288000,0.0,911.0
8,Bin 17,2021-08-19 17:58:11,1629392291000,0.0,914.0000000000001
8,Bin 17,2021-08-19 17:58:14,1629392294000,0.0,917.0000000000001
8,Bin 17,2021-08-19 17:58:17,1629392297000,0.0,920.0000000000001
8,Bin 17,2021-08-19 17:58:20,1629392300000,0.0,923.0000000000001
8,Bin 17,2021-08-19 17:58:23,1629392303000,0.0,926.0000000000001
8,Bin 17,2021-08-19 17:58:27,1629392307000,0.0,930.0000000000001
8,Bin 17,2021-08-19 17:58:30,1629392310000,0.0,933.0000000000001
8,Bin 17,2021-08-19 17:58:33,1629392313000,0.0,936.0000000000001
8,Bin 17,2021-08-19 17:58:35,1629392315000,0.0,938.0000000000001
8,Bin 17,2021-08-19 17:58:38,1629392318000,0.0,941.0000000000001
8,Bin 17,2021-08-19 17:58:41,1629392321000,0.0,944.0000000000001
8,Bin 17,2021-08-19 17:58:44,1629392324000,0.0,947.0000000000001
8,Bin 17,2021-08-19 17:58:47,1629392327000,0.0,950.0000000000001
8,Bin 17,2021-08-19 17:58:49,1629392329000,0.0,952.0000000000001
8,Bin 17,2021-08-19 17:58:52,1629392332000,0.0,955.0000000000001
8,Bin 17,2021-08-19 17:58:55,1629392335000,0.0,958.0000000000001
8,Bin 17,2021-08-19 17:58:57,1629392337000,0.0,960.0000000000001
8,Bin 17,2021-08-19 17:59:00,1629392340000,0.0,963.0000000000001
8,Bin 17,2021-08-19 17:59:03,1629392343000,0.0,966.0000000000001
8,Bin 17,2021-08-19 17:59:06,1629392346000,0.0,969.0000000000001
8,Bin 17,2021-08-19 17:59:09,1629392349000,0.0,972.0000000000001
8,Bin 17,2021-08-19 17:59:11,1629392351000,0.0,974.0000000000001
8,Bin 17,2021-08-19 17:59:14,1629392354000,0.0,977.0000000000001
8,Bin 17,2021-08-19 17:59:17,1629392357000,0.0,980.0000000000001
8,Bin 17,2021-08-19 17:59:19,1629392359000,0.0,982.0000000000001
8,Bin 17,2021-08-19 17:59:22,1629392362000,0.0,985.0000000000001
8,Bin 17,2021-08-19 17:59:25,1629392365000,0.0,988.0000000000001
8,Bin 17,2021-08-19 17:59:28,1629392368000,0.0,991.0000000000001
8,Bin 17,2021-08-19 17:59:31,1629392371000,0.0,994.0000000000001
8,Bin 17,2021-08-19 17:59:33,1629392373000,0.0,996.0000000000001
8,Bin 17,2021-08-19 17:59:36,1629392376000,0.0,999.0000000000001
8,Bin 17,2021-08-19 17:59:38,1629392378000,0.0,1001.0000000000001
8,Bin 17,2021-08-19 17:59:41,1629392381000,0.0,1004.0000000000001
8,Bin 17,2021-08-19 17:59:44,1629392384000,0.0,1007.0000000000001
8,Bin 17,2021-08-19 17:59:46,1629392386000,0.0,1009.0000000000001
8,Bin 17,2021-08-19 17:59:49,1629392389000,0.0,1012.0000000000001
8,Bin 17,2021-08-19 17:59:52,1629392392000,0.0,1015.0000000000001
8,Bin 17,2021-08-19 17:59:55,1629392395000,0.0,1018.0000000000001
8,Bin 17,2021-08-19 17:59:58,1629392398000,0.0,1021.0000000000001
8,Bin 17,2021-08-19 18:00:00,1629392400000,0.0,1023.0000000000001
8,Bin 17,2021-08-19 18:00:03,1629392403000,0.0,1026.0
8,Bin 17,2021-08-19 18:00:05,1629392405000,0.0,1028.0
8,Bin 17,2021-08-19 18:00:08,1629392408000,0.0,1031.0
8,Bin 17,2021-08-19 18:00:10,1629392410000,0.0,1033.0
8,Bin 17,2021-08-19 18:00:13,1629392413000,0.0,1036.0
8,Bin 17,2021-08-19 18:00:16,1629392416000,0.0,1039.0
8,Bin 17,2021-08-19 18:00:19,1629392419000,0.0,1042.0
8,Bin 17,2021-08-19 18:00:22,1629392422000,0.0,1045.0
8,Bin 17,2021-08-19 18:00:25,1629392425000,0.0,1048.0
8,Bin 17,2021-08-19 18:00:29,1629392429000,0.0,1052.0
8,Bin 17,2021-08-19 18:00:32,1629392432000,0.0,1055.0
8,Bin 17,2021-08-19 18:00:35,1629392435000,0.0,1058.0
8,Bin 17,2021-08-19 18:00:38,1629392438000,0.0,1061.0
8,Bin 17,2021-08-19 18:00:40,1629392440000,0.0,1063.0
8,Bin 17,2021-08-19 18:00:44,1629392444000,0.0,1067.0
8,Bin 17,2021-08-19 18:00:46,1629392446000,0.0,1069.0
8,Bin 17,2021-08-19 18:00:49,1629392449000,0.0,1072.0
8,Bin 17,2021-08-19 18:00:52,1629392452000,0.0,1075.0
8,Bin 17,2021-08-19 18:00:54,1629392454000,0.0,1077.0
8,Bin 17,2021-08-19 18:00:57,1629392457000,0.0,1080.0
8,Bin 17,2021-08-19 18:01:00,1629392460000,0.0,1083.0
8,Bin 17,2021-08-19 18:01:02,1629392462000,0.0,1085.0
8,Bin 17,2021-08-19 18:01:05,1629392465000,0.0,1088.0
8,Bin 17,2021-08-19 18:01:08,1629392468000,0.0,1091.0
8,Bin 17,2021-08-19 18:01:11,1629392471000,0.0,1094.0
8,Bin 17,2021-08-19 18:01:14,1629392474000,0.0,1097.0
8,Bin 17,2021-08-19 18:01:17,1629392477000,0.0,1100.0
8,Bin 17,2021-08-19 18:01:19,1629392479000,0.0,1102.0
8,Bin 17,2021-08-19 18:01:22,1629392482000,0.0,1105.0
8,Bin 17,2021-08-19 18:01:25,1629392485000,0.0,1108.0
8,Bin 17,2021-08-19 18:01:27,1629392487000,0.0,1110.0
8,Bin 17,2021-08-19 18:01:30,1629392490000,0.0,1113.0
8,Bin 17,2021-08-19 18:01:33,1629392493000,0.0,1116.0
8,Bin 17,2021-08-19 18:01:35,1629392495000,0.0,1118.0
8,Bin 17,2021-08-19 18:01:38,1629392498000,0.0,1121.0
8,Bin 17,2021-08-19 18:01:41,1629392501000,0.0,1124.0
8,Bin 17,2021-08-19 18:01:44,1629392504000,0.0,1127.0
8,Bin 17,2021-08-19 18:01:46,1629392506000,0.0,1129.0
8,Bin 17,2021-08-19 18:01:49,1629392509000,0.0,1132.0
8,Bin 17,2021-08-19 18:01:52,1629392512000,0.0,1135.0
8,Bin 17,2021-08-19 18:01:54,1629392514000,0.0,1137.0
8,Bin 17,2021-08-19 18:01:57,1629392517000,0.0,1140.0
8,Bin 17,2021-08-19 18:01:59,1629392519000,0.0,1142.0
8,Bin 17,2021-08-19 18:02:02,1629392522000,0.0,1145.0
8,Bin 17,2021-08-19 18:02:05,1629392525000,0.0,1148.0
8,Bin 17,2021-08-19 18:02:07,1629392527000,0.0,1150.0
8,Bin 17,2021-08-19 18:02:10,1629392530000,0.0,1153.0
8,Bin 17,2021-08-19 18:02:13,1629392533000,0.0,1156.0
8,Bin 17,2021-08-19 18:02:16,1629392536000,0.0,1159.0
8,Bin 17,2021-08-19 18:02:18,1629392538000,0.0,1161.0
8,Bin 17,2021-08-19 18:02:21,1629392541000,0.0,1164.0
8,Bin 17,2021-08-19 18:02:24,1629392544000,0.0,1167.0
8,Bin 17,2021-08-19 18:02:27,1629392547000,0.0,1170.0
8,Bin 17,2021-08-19 18:02:30,1629392550000,0.0,1173.0
8,Bin 17,2021-08-19 18:02:33,1629392553000,0.0,1176.0
8,Bin 17,2021-08-19 18:02:35,1629392555000,0.0,1178.0
8,Bin 17,2021-08-19 18:02:38,1629392558000,0.0,1181.0
8,Bin 17,2021-08-19 18:02:41,1629392561000,0.0,1184.0
8,Bin 17,2021-08-19 18:02:44,1629392564000,0.0,1187.0
8,Bin 17,2021-08-19 18:02:46,1629392566000,0.0,1189.0
8,Bin 17,2021-08-19 18:02:49,1629392569000,0.0,1192.0
8,Bin 17,2021-08-19 18:02:51,1629392571000,0.0,1194.0
8,Bin 17,2021-08-19 18:02:54,1629392574000,0.0,1197.0
8,Bin 17,2021-08-19 18:02:56,1629392576000,0.0,1199.0
8,Bin 17,2021-08-19 18:02:59,1629392579000,0.0,1202.0
8,Bin 17,2021-08-19 18:03:01,1629392581000,0.0,1204.0
8,Bin 17,2021-08-19 18:03:04,1629392584000,0.0,1207.0
8,Bin 17,2021-08-19 18:03:06,1629392586000,0.0,1209.0
8,Bin 17,2021-08-19 18:03:09,1629392589000,0.0,1212.0
8,Bin 17,2021-08-19 18:03:11,1629392591000,0.0,1214.0
8,Bin 17,2021-08-19 18:03:14,1629392594000,0.0,1217.0
8,Bin 17,2021-08-19 18:03:17,1629392597000,0.0,1220.0
8,Bin 17,2021-08-19 18:03:20,1629392600000,0.0,1223.0
8,Bin 17,2021-08-19 18:03:23,1629392603000,0.0,1226.0
8,Bin 17,2021-08-19 18:03:26,1629392606000,0.0,1229.0
8,Bin 17,2021-08-19 18:03:28,1629392608000,0.0,1231.0
8,Bin 17,2021-08-19 18:03:32,1629392612000,0.0,1235.0
8,Bin 17,2021-08-19 18:03:34,1629392614000,0.0,1237.0
8,Bin 17,2021-08-19 18:03:37,1629392617000,0.0,1240.0
8,Bin 17,2021-08-19 18:03:40,1629392620000,0.0,1243.0
8,Bin 17,2021-08-19 18:03:43,1629392623000,0.0,1246.0
8,Bin 17,2021-08-19 18:03:46,1629392626000,0.0,1249.0
8,Bin 17,2021-08-19 18:03:48,1629392628000,0.0,1251.0
8,Bin 17,2021-08-19 18:03:52,1629392632000,0.0,1255.0
8,Bin 17,2021-08-19 18:03:55,1629392635000,0.0,1258.0
8,Bin 17,2021-08-19 18:03:58,1629392638000,0.0,1261.0
8,Bin 17,2021-08-19 18:04:00,1629392640000,0.0,1263.0
8,Bin 17,2021-08-19 18:04:03,1629392643000,0.0,1266.0
8,Bin 17,2021-08-19 18:04:06,1629392646000,0.0,1269.0
8,Bin 17,2021-08-19 18:04:09,1629392649000,0.0,1272.0
8,Bin 17,2021-08-19 18:04:12,1629392652000,0.0,1275.0
8,Bin 17,2021-08-19 18:04:15,1629392655000,0.0,1278.0
8,Bin 17,2021-08-19 18:04:18,1629392658000,0.0,1281.0
8,Bin 17,2021-08-19 18:04:20,1629392660000,0.0,1283.0
8,Bin 17,2021-08-19 18:04:24,1629392664000,0.0,1287.0
8,Bin 17,2021-08-19 18:04:28,1629392668000,0.0,1291.0
8,Bin 17,2021-08-19 18:04:31,1629392671000,0.0,1294.0
8,Bin 17,2021-08-19 18:04:34,1629392674000,0.0,1297.0
8,Bin 17,2021-08-19 18:04:37,1629392677000,0.0,1300.0
8,Bin 17,2021-08-19 18:04:39,1629392679000,0.0,1302.0
8,Bin 17,2021-08-19 18:04:42,1629392682000,0.0,1305.0
8,Bin 17,2021-08-19 18:04:44,1629392684000,0.0,1307.0
8,Bin 17,2021-08-19 18:04:47,1629392687000,0.0,1310.0
8,Bin 17,2021-08-19 18:04:50,1629392690000,0.0,1313.0
8,Bin 17,2021-08-19 18:04:52,1629392692000,0.0,1315.0
8,Bin 17,2021-08-19 18:04:55,1629392695000,0.0,1318.0
8,Bin 17,2021-08-19 18:04:58,1629392698000,0.0,1321.0
8,Bin 17,2021-08-19 18:05:01,1629392701000,0.0,1324.0
8,Bin 17,2021-08-19 18:05:03,1629392703000,0.0,1326.0
8,Bin 17,2021-08-19 18:05:06,1629392706000,0.0,1329.0
8,Bin 17,2021-08-19 18:05:09,1629392709000,0.0,1332.0
8,Bin 17,2021-08-19 18:05:12,1629392712000,0.0,1335.0
8,Bin 17,2021-08-19 18:05:15,1629392715000,0.0,1338.0
8,Bin 17,2021-08-19 18:05:17,1629392717000,0.0,1340.0
8,Bin 17,2021-08-19 18:05:20,1629392720000,0.0,1343.0
8,Bin 17,2021-08-19 18:05:23,1629392723000,0.0,1346.0
8,Bin 17,2021-08-19 18:05:27,1629392727000,0.0,1350.0
8,Bin 17,2021-08-19 18:05:31,1629392731000,0.0,1354.0
8,Bin 17,2021-08-19 18:05:33,1629392733000,0.0,1356.0
8,Bin 17,2021-08-19 18:05:36,1629392736000,0.0,1359.0
8,Bin 17,2021-08-19 18:05:39,1629392739000,0.0,1362.0
8,Bin 17,2021-08-19 18:05:42,1629392742000,0.0,1365.0
8,Bin 17,2021-08-19 18:05:45,1629392745000,0.0,1368.0
8,Bin 17,2021-08-19 18:05:49,1629392749000,0.0,1372.0
8,Bin 17,2021-08-19 18:05:52,1629392752000,0.0,1375.0
8,Bin 17,2021-08-19 18:05:55,1629392755000,0.0,1378.0
8,Bin 17,2021-08-19 18:05:57,1629392757000,0.0,1380.0
8,Bin 17,2021-08-19 18:06:00,1629392760000,0.0,1383.0
8,Bin 17,2021-08-19 18:06:03,1629392763000,0.0,1386.0
8,Bin 17,2021-08-19 18:06:06,1629392766000,0.0,1389.0
8,Bin 17,2021-08-19 18:06:09,1629392769000,0.0,1392.0
8,Bin 17,2021-08-19 18:06:12,1629392772000,0.0,1395.0
8,Bin 17,2021-08-19 18:06:14,1629392774000,0.0,1397.0
8,Bin 17,2021-08-19 18:06:17,1629392777000,0.0,1400.0
8,Bin 17,2021-08-19 18:06:20,1629392780000,0.0,1403.0
8,Bin 17,2021-08-19 18:06:23,1629392783000,0.0,1406.0
8,Bin 17,2021-08-19 18:06:26,1629392786000,0.0,1409.0
8,Bin 17,2021-08-19 18:06:29,1629392789000,0.0,1412.0
8,Bin 17,2021-08-19 18:06:32,1629392792000,0.0,1415.0
8,Bin 17,2021-08-19 18:06:35,1629392795000,0.0,1418.0
8,Bin 17,2021-08-19 18:06:38,1629392798000,0.0,1421.0
8,Bin 17,2021-08-19 18:06:41,1629392801000,0.0,1424.0
8,Bin 17,2021-08-19 18:06:44,1629392804000,0.0,1427.0
8,Bin 17,2021-08-19 18:06:47,1629392807000,0.0,1430.0
8,Bin 17,2021-08-19 18:06:50,1629392810000,0.0,1433.0
8,Bin 17,2021-08-19 18:06:52,1629392812000,0.0,1435.0
8,Bin 17,2021-08-19 18:06:55,1629392815000,0.0,1438.0
8,Bin 17,2021-08-19 18:06:58,1629392818000,0.0,1441.0
8,Bin 17,2021-08-19 18:07:01,1629392821000,0.0,1444.0
8,Bin 17,2021-08-19 18:07:04,1629392824000,0.0,1447.0
8,Bin 17,2021-08-19 18:07:07,1629392827000,0.0,1450.0
8,Bin 17,2021-08-19 18:07:11,1629392831000,0.0,1454.0
8,Bin 17,2021-08-19 18:07:14,1629392834000,0.0,1457.0
8,Bin 17,2021-08-19 18:07:16,1629392836000,0.0,1459.0
8,Bin 17,2021-08-19 18:07:19,1629392839000,0.0,1462.0
8,Bin 17,2021-08-19 18:07:22,1629392842000,0.0,1465.0
8,Bin 17,2021-08-19 18:07:25,1629392845000,0.0,1468.0
8,Bin 17,2021-08-19 18:07:28,1629392848000,0.0,1471.0
8,Bin 17,2021-08-19 18:07:31,1629392851000,0.0,1474.0
8,Bin 17,2021-08-19 18:07:34,1629392854000,0.0,1477.0
8,Bin 17,2021-08-19 18:07:38,1629392858000,0.0,1481.0
8,Bin 17,2021-08-19 18:07:41,1629392861000,0.0,1484.0
8,Bin 17,2021-08-19 18:07:44,1629392864000,0.0,1487.0
8,Bin 17,2021-08-19 18:07:47,1629392867000,0.0,1490.0
8,Bin 17,2021-08-19 18:07:50,1629392870000,0.0,1493.0
8,Bin 17,2021-08-19 18:07:53,1629392873000,0.0,1496.0
8,Bin 17,2021-08-19 18:07:55,1629392875000,0.0,1498.0
8,Bin 17,2021-08-19 18:07:58,1629392878000,0.0,1501.0
8,Bin 17,2021-08-19 18:08:01,1629392881000,0.0,1504.0
8,Bin 17,2021-08-19 18:08:04,1629392884000,0.0,1507.0
8,Bin 17,2021-08-19 18:08:06,1629392886000,0.0,1509.0
8,Bin 17,2021-08-19 18:08:09,1629392889000,0.0,1512.0
8,Bin 17,2021-08-19 18:08:12,1629392892000,0.0,1515.0
8,Bin 17,2021-08-19 18:08:14,1629392894000,0.0,1517.0
8,Bin 17,2021-08-19 18:08:17,1629392897000,0.0,1520.0
8,Bin 17,2021-08-19 18:08:21,1629392901000,0.0,1524.0
8,Bin 17,2021-08-19 18:08:24,1629392904000,0.0,1527.0
8,Bin 17,2021-08-19 18:08:27,1629392907000,0.0,1530.0
8,Bin 17,2021-08-19 18:08:30,1629392910000,0.0,1533.0
8,Bin 17,2021-08-19 18:08:33,1629392913000,0.0,1536.0
8,Bin 17,2021-08-19 18:08:36,1629392916000,0.0,1539.0
8,Bin 17,2021-08-19 18:08:39,1629392919000,0.0,1542.0
8,Bin 17,2021-08-19 18:08:42,1629392922000,0.0,1545.0
8,Bin 17,2021-08-19 18:08:45,1629392925000,0.0,1548.0
8,Bin 17,2021-08-19 18:08:49,1629392929000,0.0,1552.0
8,Bin 17,2021-08-19 18:08:51,1629392931000,0.0,1554.0
8,Bin 17,2021-08-19 18:08:54,1629392934000,0.0,1557.0
8,Bin 17,2021-08-19 18:08:57,1629392937000,0.0,1560.0
8,Bin 17,2021-08-19 18:08:59,1629392939000,0.0,1562.0
8,Bin 17,2021-08-19 18:09:02,1629392942000,0.0,1565.0
8,Bin 17,2021-08-19 18:09:05,1629392945000,0.0,1568.0
8,Bin 17,2021-08-19 18:09:08,1629392948000,0.0,1571.0
8,Bin 17,2021-08-19 18:09:11,1629392951000,0.0,1574.0
8,Bin 17,2021-08-19 18:09:14,1629392954000,0.0,1577.0
8,Bin 17,2021-08-19 18:09:17,1629392957000,0.0,1580.0
8,Bin 17,2021-08-19 18:09:19,1629392959000,0.0,1582.0
8,Bin 17,2021-08-19 18:09:22,1629392962000,0.0,1585.0
8,Bin 17,2021-08-19 18:09:26,1629392966000,0.0,1589.0
8,Bin 17,2021-08-19 18:09:29,1629392969000,0.0,1592.0
8,Bin 17,2021-08-19 18:09:32,1629392972000,0.0,1595.0
8,Bin 17,2021-08-19 18:09:35,1629392975000,0.0,1598.0
8,Bin 17,2021-08-19 18:09:38,1629392978000,0.0,1601.0
8,Bin 17,2021-08-19 18:09:41,1629392981000,0.0,1604.0
8,Bin 17,2021-08-19 18:09:43,1629392983000,0.0,1606.0
8,Bin 17,2021-08-19 18:09:46,1629392986000,0.0,1609.0
8,Bin 17,2021-08-19 18:09:49,1629392989000,0.0,1612.0
8,Bin 17,2021-08-19 18:09:52,1629392992000,0.0,1615.0
8,Bin 17,2021-08-19 18:09:55,1629392995000,0.0,1618.0
8,Bin 17,2021-08-19 18:09:58,1629392998000,0.0,1621.0
8,Bin 17,2021-08-19 18:10:02,1629393002000,0.0,1625.0
8,Bin 17,2021-08-19 18:10:04,1629393004000,0.0,1627.0
8,Bin 17,2021-08-19 18:10:07,1629393007000,0.0,1630.0
8,Bin 17,2021-08-19 18:10:10,1629393010000,0.0,1633.0
8,Bin 17,2021-08-19 18:10:13,1629393013000,0.0,1636.0
8,Bin 17,2021-08-19 18:10:16,1629393016000,0.0,1639.0
8,Bin 17,2021-08-19 18:10:19,1629393019000,0.0,1642.0
8,Bin 17,2021-08-19 18:10:21,1629393021000,0.0,1644.0
8,Bin 17,2021-08-19 18:10:25,1629393025000,0.0,1648.0
8,Bin 17,2021-08-19 18:10:28,1629393028000,0.0,1651.0
8,Bin 17,2021-08-19 18:10:31,1629393031000,0.0,1654.0
8,Bin 17,2021-08-19 18:10:34,1629393034000,0.0,1657.0
8,Bin 17,2021-08-19 18:10:38,1629393038000,0.0,1661.0
8,Bin 17,2021-08-19 18:10:40,1629393040000,0.0,1663.0
8,Bin 17,2021-08-19 18:10:44,1629393044000,0.0,1667.0
8,Bin 17,2021-08-19 18:10:47,1629393047000,0.0,1670.0
8,Bin 17,2021-08-19 18:10:49,1629393049000,0.0,1672.0
8,Bin 17,2021-08-19 18:10:52,1629393052000,0.0,1675.0
8,Bin 17,2021-08-19 18:10:55,1629393055000,0.0,1678.0
8,Bin 17,2021-08-19 18:10:57,1629393057000,0.0,1680.0
8,Bin 17,2021-08-19 18:11:00,1629393060000,0.0,1683.0
8,Bin 17,2021-08-19 18:11:02,1629393062000,0.0,1685.0
8,Bin 17,2021-08-19 18:11:05,1629393065000,0.0,1688.0
8,Bin 17,2021-08-19 18:11:08,1629393068000,0.0,1691.0
8,Bin 17,2021-08-19 18:11:10,1629393070000,0.0,1693.0
8,Bin 17,2021-08-19 18:11:13,1629393073000,0.0,1696.0
8,Bin 17,2021-08-19 18:11:16,1629393076000,0.0,1699.0
8,Bin 17,2021-08-19 18:11:19,1629393079000,0.0,1702.0
8,Bin 17,2021-08-19 18:11:21,1629393081000,0.0,1704.0
8,Bin 17,2021-08-19 18:11:25,1629393085000,0.0,1708.0
8,Bin 17,2021-08-19 18:11:28,1629393088000,0.0,1711.0
8,Bin 17,2021-08-19 18:11:31,1629393091000,0.0,1714.0
8,Bin 17,2021-08-19 18:11:35,1629393095000,0.0,1718.0
8,Bin 17,2021-08-19 18:11:37,1629393097000,0.0,1720.0
8,Bin 17,2021-08-19 18:11:40,1629393100000,0.0,1723.0
8,Bin 17,2021-08-19 18:11:43,1629393103000,0.0,1726.0
8,Bin 17,2021-08-19 18:11:46,1629393106000,0.0,1729.0
8,Bin 17,2021-08-19 18:11:49,1629393109000,0.0,1732.0
8,Bin 17,2021-08-19 18:11:52,1629393112000,0.0,1735.0
8,Bin 17,2021-08-19 18:11:54,1629393114000,0.0,1737.0
8,Bin 17,2021-08-19 18:11:57,1629393117000,0.0,1740.0
8,Bin 17,2021-08-19 18:12:00,1629393120000,0.0,1743.0
8,Bin 17,2021-08-19 18:12:03,1629393123000,0.0,1746.0
8,Bin 17,2021-08-19 18:12:06,1629393126000,0.0,1749.0
8,Bin 17,2021-08-19 18:12:09,1629393129000,0.0,1752.0
8,Bin 17,2021-08-19 18:12:12,1629393132000,0.0,1755.0
8,Bin 17,2021-08-19 18:12:14,1629393134000,0.0,1757.0
8,Bin 17,2021-08-19 18:12:17,1629393137000,0.0,1760.0
8,Bin 17,2021-08-19 18:12:19,1629393139000,0.0,1762.0
8,Bin 17,2021-08-19 18:12:22,1629393142000,0.0,1765.0
8,Bin 17,2021-08-19 18:12:25,1629393145000,0.0,1768.0
8,Bin 17,2021-08-19 18:12:28,1629393148000,0.0,1771.0
8,Bin 17,2021-08-19 18:12:31,1629393151000,0.0,1774.0
8,Bin 17,2021-08-19 18:12:34,1629393154000,0.0,1777.0
8,Bin 17,2021-08-19 18:12:37,1629393157000,0.0,1780.0
8,Bin 17,2021-08-19 18:12:40,1629393160000,0.0,1783.0
8,Bin 17,2021-08-19 18:12:43,1629393163000,0.0,1786.0
8,Bin 17,2021-08-19 18:12:45,1629393165000,0.0,1788.0
8,Bin 17,2021-08-19 18:12:48,1629393168000,0.0,1791.0
8,Bin 17,2021-08-19 18:12:51,1629393171000,0.0,1794.0
8,Bin 17,2021-08-19 18:12:54,1629393174000,0.0,1797.0
8,Bin 17,2021-08-19 18:12:57,1629393177000,0.0,1800.0
8,Bin 17,2021-08-19 18:13:00,1629393180000,0.0,1803.0
8,Bin 17,2021-08-19 18:13:03,1629393183000,0.0,1806.0
8,Bin 17,2021-08-19 18:13:06,1629393186000,0.0,1809.0
8,Bin 17,2021-08-19 18:13:08,1629393188000,0.0,1811.0
8,Bin 17,2021-08-19 18:13:11,1629393191000,0.0,1814.0
8,Bin 17,2021-08-19 18:13:14,1629393194000,0.0,1817.0
8,Bin 17,2021-08-19 18:13:16,1629393196000,0.0,1819.0
8,Bin 17,2021-08-19 18:13:20,1629393200000,0.0,1823.0
8,Bin 17,2021-08-19 18:13:24,1629393204000,0.0,1827.0000000000002
8,Bin 17,2021-08-19 18:13:27,1629393207000,0.0,1830.0000000000002
8,Bin 17,2021-08-19 18:13:29,1629393209000,0.0,1832.0000000000002
8,Bin 17,2021-08-19 18:13:32,1629393212000,0.0,1835.0000000000002
8,Bin 17,2021-08-19 18:13:35,1629393215000,0.0,1838.0000000000002
8,Bin 17,2021-08-19 18:13:38,1629393218000,0.0,1841.0000000000002
8,Bin 17,2021-08-19 18:13:41,1629393221000,0.0,1844.0000000000002
8,Bin 17,2021-08-19 18:13:44,1629393224000,0.0,1847.0000000000002
8,Bin 17,2021-08-19 18:13:47,1629393227000,0.0,1850.0000000000002
8,Bin 17,2021-08-19 18:13:49,1629393229000,0.0,1852.0000000000002
8,Bin 17,2021-08-19 18:13:52,1629393232000,0.0,1855.0000000000002
8,Bin 17,2021-08-19 18:13:55,1629393235000,0.0,1858.0000000000002
8,Bin 17,2021-08-19 18:13:57,1629393237000,0.0,1860.0000000000002
8,Bin 17,2021-08-19 18:14:00,1629393240000,0.0,1863.0000000000002
8,Bin 17,2021-08-19 18:14:03,1629393243000,0.0,1866.0000000000002
8,Bin 17,2021-08-19 18:14:06,1629393246000,0.0,1869.0000000000002
8,Bin 17,2021-08-19 18:14:08,1629393248000,0.0,1871.0000000000002
8,Bin 17,2021-08-19 18:14:11,1629393251000,0.0,1874.0000000000002
8,Bin 17,2021-08-19 18:14:13,1629393253000,0.0,1876.0000000000002
8,Bin 17,2021-08-19 18:14:16,1629393256000,0.0,1879.0000000000002
8,Bin 17,2021-08-19 18:14:19,1629393259000,0.0,1882.0000000000002
8,Bin 17,2021-08-19 18:14:22,1629393262000,0.0,1885.0000000000002
8,Bin 17,2021-08-19 18:14:25,1629393265000,0.0,1888.0000000000002
8,Bin 17,2021-08-19 18:14:28,1629393268000,0.0,1891.0000000000002
8,Bin 17,2021-08-19 18:14:30,1629393270000,0.0,1893.0000000000002
8,Bin 17,2021-08-19 18:14:33,1629393273000,0.0,1896.0000000000002
8,Bin 17,2021-08-19 18:14:36,1629393276000,0.0,1899.0000000000002
8,Bin 17,2021-08-19 18:14:39,1629393279000,0.0,1902.0000000000002
8,Bin 17,2021-08-19 18:14:41,1629393281000,0.0,1904.0000000000002
8,Bin 17,2021-08-19 18:14:44,1629393284000,0.0,1907.0000000000002
8,Bin 17,2021-08-19 18:14:47,1629393287000,0.0,1910.0000000000002
8,Bin 17,2021-08-19 18:14:49,1629393289000,0.0,1912.0000000000002
8,Bin 17,2021-08-19 18:14:52,1629393292000,0.0,1915.0000000000002
8,Bin 17,2021-08-19 18:14:56,1629393296000,0.0,1919.0000000000002
8,Bin 17,2021-08-19 18:14:58,1629393298000,0.0,1921.0000000000002
8,Bin 17,2021-08-19 18:15:02,1629393302000,0.0,1925.0000000000002
8,Bin 17,2021-08-19 18:15:04,1629393304000,0.0,1927.0000000000002
8,Bin 17,2021-08-19 18:15:07,1629393307000,0.0,1930.0000000000002
8,Bin 17,2021-08-19 18:15:09,1629393309000,0.0,1932.0000000000002
8,Bin 17,2021-08-19 18:15:12,1629393312000,0.0,1935.0000000000002
8,Bin 17,2021-08-19 18:15:15,1629393315000,0.0,1938.0000000000002
8,Bin 17,2021-08-19 18:15:17,1629393317000,0.0,1940.0000000000002
8,Bin 17,2021-08-19 18:15:20,1629393320000,0.0,1943.0000000000002
8,Bin 17,2021-08-19 18:15:23,1629393323000,0.0,1946.0000000000002
8,Bin 17,2021-08-19 18:15:26,1629393326000,0.0,1949.0000000000002
8,Bin 17,2021-08-19 18:15:29,1629393329000,0.0,1952.0000000000002
8,Bin 17,2021-08-19 18:15:32,1629393332000,0.0,1955.0000000000002
8,Bin 17,2021-08-19 18:15:34,1629393334000,0.0,1957.0000000000002
8,Bin 17,2021-08-19 18:15:37,1629393337000,0.0,1960.0000000000002
8,Bin 17,2021-08-19 18:15:40,1629393340000,0.0,1963.0000000000002
8,Bin 17,2021-08-19 18:15:43,1629393343000,0.0,1966.0000000000002
8,Bin 17,2021-08-19 18:15:45,1629393345000,0.0,1968.0000000000002
8,Bin 17,2021-08-19 18:15:48,1629393348000,0.0,1971.0000000000002
8,Bin 17,2021-08-19 18:15:51,1629393351000,0.0,1974.0000000000002
8,Bin 17,2021-08-19 18:15:53,1629393353000,0.0,1976.0000000000002
8,Bin 17,2021-08-19 18:15:56,1629393356000,0.0,1979.0000000000002
8,Bin 17,2021-08-19 18:15:59,1629393359000,0.0,1982.0000000000002
8,Bin 17,2021-08-19 18:16:02,1629393362000,0.0,1985.0000000000002
8,Bin 17,2021-08-19 18:16:05,1629393365000,0.0,1988.0000000000002
8,Bin 17,2021-08-19 18:16:08,1629393368000,0.0,1991.0000000000002
8,Bin 17,2021-08-19 18:16:10,1629393370000,0.0,1993.0000000000002
8,Bin 17,2021-08-19 18:16:14,1629393374000,0.0,1997.0000000000002
8,Bin 17,2021-08-19 18:16:17,1629393377000,0.0,2000.0000000000002
8,Bin 17,2021-08-19 18:16:20,1629393380000,0.0,2003.0000000000002
8,Bin 17,2021-08-19 18:16:23,1629393383000,0.0,2006.0000000000002
8,Bin 17,2021-08-19 18:16:26,1629393386000,0.0,2009.0000000000002
8,Bin 17,2021-08-19 18:16:29,1629393389000,0.0,2012.0000000000002
8,Bin 17,2021-08-19 18:16:32,1629393392000,0.0,2015.0000000000002
8,Bin 17,2021-08-19 18:16:34,1629393394000,0.0,2017.0000000000002
8,Bin 17,2021-08-19 18:16:38,1629393398000,0.0,2021.0000000000002
8,Bin 17,2021-08-19 18:16:41,1629393401000,0.0,2024.0000000000002
8,Bin 17,2021-08-19 18:16:43,1629393403000,0.0,2026.0000000000002
8,Bin 17,2021-08-19 18:16:46,1629393406000,0.0,2029.0000000000002
8,Bin 17,2021-08-19 18:16:48,1629393408000,0.0,2031.0000000000002
8,Bin 17,2021-08-19 18:16:51,1629393411000,0.0,2034.0000000000002
8,Bin 17,2021-08-19 18:16:54,1629393414000,0.0,2037.0000000000002
8,Bin 17,2021-08-19 18:16:57,1629393417000,0.0,2040.0000000000002
8,Bin 17,2021-08-19 18:17:00,1629393420000,0.0,2043.0000000000002
8,Bin 17,2021-08-19 18:17:03,1629393423000,0.0,2046.0000000000002
8,Bin 17,2021-08-19 18:17:06,1629393426000,0.0,2049.0
8,Bin 17,2021-08-19 18:17:09,1629393429000,0.0,2052.0
8,Bin 17,2021-08-19 18:17:12,1629393432000,0.0,2055.0
8,Bin 17,2021-08-19 18:17:15,1629393435000,0.0,2058.0
8,Bin 17,2021-08-19 18:17:17,1629393437000,0.0,2060.0
8,Bin 17,2021-08-19 18:17:20,1629393440000,0.0,2063.0
8,Bin 17,2021-08-19 18:17:25,1629393445000,0.0,2068.0
8,Bin 17,2021-08-19 18:17:29,1629393449000,0.0,2072.0
8,Bin 17,2021-08-19 18:17:32,1629393452000,0.0,2075.0
8,Bin 17,2021-08-19 18:17:35,1629393455000,0.0,2078.0
8,Bin 17,2021-08-19 18:17:37,1629393457000,0.0,2080.0
8,Bin 17,2021-08-19 18:17:40,1629393460000,0.0,2083.0
8,Bin 17,2021-08-19 18:17:43,1629393463000,0.0,2086.0
8,Bin 17,2021-08-19 18:17:46,1629393466000,0.0,2089.0
8,Bin 17,2021-08-19 18:17:49,1629393469000,0.0,2092.0
8,Bin 17,2021-08-19 18:17:52,1629393472000,0.0,2095.0
8,Bin 17,2021-08-19 18:17:54,1629393474000,0.0,2097.0
8,Bin 17,2021-08-19 18:17:57,1629393477000,0.0,2100.0
8,Bin 17,2021-08-19 18:18:00,1629393480000,0.0,2103.0
8,Bin 17,2021-08-19 18:18:03,1629393483000,0.0,2106.0
8,Bin 17,2021-08-19 18:18:06,1629393486000,0.0,2109.0
8,Bin 17,2021-08-19 18:18:09,1629393489000,0.0,2112.0
8,Bin 17,2021-08-19 18:18:12,1629393492000,0.0,2115.0
8,Bin 17,2021-08-19 18:18:15,1629393495000,0.0,2118.0
8,Bin 17,2021-08-19 18:18:18,1629393498000,0.0,2121.0
8,Bin 17,2021-08-19 18:18:21,1629393501000,0.0,2124.0
8,Bin 17,2021-08-19 18:18:23,1629393503000,0.0,2126.0
8,Bin 17,2021-08-19 18:18:26,1629393506000,0.0,2129.0
8,Bin 17,2021-08-19 18:18:29,1629393509000,0.0,2132.0
8,Bin 17,2021-08-19 18:18:32,1629393512000,0.0,2135.0
8,Bin 17,2021-08-19 18:18:35,1629393515000,0.0,2138.0
8,Bin 17,2021-08-19 18:18:37,1629393517000,0.0,2140.0
8,Bin 17,2021-08-19 18:18:41,1629393521000,0.0,2144.0
8,Bin 17,2021-08-19 18:18:44,1629393524000,0.0,2147.0
8,Bin 17,2021-08-19 18:18:46,1629393526000,0.0,2149.0
8,Bin 17,2021-08-19 18:18:49,1629393529000,0.0,2152.0
8,Bin 17,2021-08-19 18:18:51,1629393531000,0.0,2154.0
